elec_num,cand_num,cand_name,final_rate,rate_mean,winner,pred_prob,pred_label
21,1,이재명,44.0,47.339999999999996,1,0.6281202264644087,1
21,2,김문수,37.0,37.61,0,0.42986799815620297,0
21,3,이준석,7.0,9.18,0,0.0435611100185567,0
21,4,권영국,1.0,1.8350000000000002,0,0.023393061813325334,0
21,5,황교안,0.2,0.32,0,0.020968109650126538,0
21,6,송진호,0.0,0.09,0,0.02054749485611944,0
